{
  "1": {
    "nrmse": 0.06915188934504905,
    "ovss": [
      1363.8898569707135,
      1621.1792181570502,
      1039.8070606295805,
      572.25883953165,
      1553.9107293977547,
      1520.1912519870534,
      1156.1291021592833,
      1412.0410104954033,
      1657.7524736670352,
      1444.325125569623,
      1013.0230673685244,
      1149.8782112653348
    ],
    "sse_mask": [
      137.22810105184539,
      123.26899447978755,
      62.60874812897921,
      38.12692840893288,
      101.50634944217981,
      103.1195069219799,
      86.88944033191648,
      115.33904987998726,
      89.63701335525295,
      96.42548902403188,
      51.11276439403733,
      66.89519596470844
    ],
    "nrmse_individual": [
      0.10061523689063702,
      0.0760366238964741,
      0.06021188978181296,
      0.06662532017877933,
      0.06532315371908165,
      0.06783324584139767,
      0.07515548235022758,
      0.08168250711041422,
      0.05407140980279835,
      0.06676162265473497,
      0.050455676717027,
      0.058175896637867805
    ]
  },
  "2": {
    "nrmse": 0.07747506741659303,
    "ovss": [
      2723.033864071437,
      3238.8289889356183,
      2062.493189782824,
      1157.467355943988,
      3094.069211864481,
      3028.6130669827453,
      2316.6640926067034,
      2809.1415955129783,
      3357.3895898273477,
      2861.191631250586,
      2021.5923719074694,
      2313.450195226932
    ],
    "sse_mask": [
      288.3720210224742,
      265.1964390890095,
      137.69241992432438,
      144.43292015674348,
      218.55808071282405,
      218.1253162026747,
      190.0326660965506,
      237.3143230477761,
      194.46241208910024,
      200.09573304189314,
      122.97210172172394,
      183.22803177567025
    ],
    "nrmse_individual": [
      0.10590100432732222,
      0.08188034625939342,
      0.06676018161244114,
      0.12478357978307672,
      0.07063774781596475,
      0.0720215198767474,
      0.08202858010490698,
      0.08447930265488808,
      0.05792071693982359,
      0.06993440455242565,
      0.06082932614436701,
      0.0792012000749802
    ]
  },
  "3": {
    "nrmse": 0.10854711396725863,
    "ovss": [
      4089.3805891904,
      4876.186632174841,
      3115.45240712756,
      1740.9983604382219,
      4667.707147673822,
      4554.966602147435,
      3459.361462753768,
      4235.856317798642,
      5008.252046521307,
      4319.084896271527,
      3011.4586342119674,
      3462.351144999002
    ],
    "sse_mask": [
      611.5811882089835,
      549.0823268539988,
      283.5861304259009,
      179.42998513621905,
      496.13091615365164,
      472.57692440250264,
      464.99973065618394,
      545.9894595552663,
      431.03769653712334,
      446.21594062464766,
      257.29219746041485,
      313.9748399670141
    ],
    "nrmse_individual": [
      0.14955350202072093,
      0.11260486283091693,
      0.09102566605643211,
      0.10306154745088629,
      0.10629006929042266,
      0.10374981106990042,
      0.13441779231882536,
      0.12889706793430966,
      0.08606549601203053,
      0.10331261166221713,
      0.08543773257830008,
      0.09068255264071565
    ]
  },
  "4": {
    "nrmse": 0.09999600948503401,
    "ovss": [
      5455.870453202074,
      6489.088543641659,
      4147.047326066073,
      2316.1856109763944,
      6211.663506035897,
      6046.661288544611,
      4623.5859449255495,
      5640.154438801741,
      6691.782254949169,
      5729.5248902839385,
      4010.218735776073,
      4640.923335289542
    ],
    "sse_mask": [
      783.20943779319,
      695.1179461323247,
      368.89336241155996,
      221.0904425333255,
      623.5996095946856,
      562.6234121658044,
      517.7261581937715,
      693.2860820312382,
      521.1258902160117,
      522.1965817894379,
      307.7946543244201,
      383.35963293596643
    ],
    "nrmse_individual": [
      0.14355352542022345,
      0.10712104503697008,
      0.08895325599322147,
      0.09545454452595628,
      0.10039172421183658,
      0.0930469535695167,
      0.1119750263887672,
      0.12291969830856755,
      0.07787550018242041,
      0.09114134099931616,
      0.07675258498458301,
      0.08260417275607701
    ]
  },
  "5": {
    "nrmse": 0.10418579093186585,
    "ovss": [
      6805.427060915098,
      8145.3225047789665,
      5189.165607734586,
      2894.167090575317,
      7761.612921603916,
      7589.117200182125,
      5786.081998922893,
      7059.429392143491,
      8356.985865696332,
      7154.215426647193,
      5004.859981413956,
      5781.88897423092
    ],
    "sse_mask": [
      969.6583635120387,
      1007.9307072962899,
      464.8540682559177,
      275.14629619195495,
      771.1618099390538,
      721.3203684974251,
      650.0341255232942,
      793.0739103518115,
      767.6909639756053,
      693.2983469755363,
      440.50025495671025,
      522.6753333852472
    ],
    "nrmse_individual": [
      0.1424831027990847,
      0.1237434990087776,
      0.08958165982658958,
      0.09506925052390806,
      0.0993558707098853,
      0.09504667663850476,
      0.11234443715873732,
      0.11234249488130461,
      0.09186218288663323,
      0.09690766990230947,
      0.08801450122332126,
      0.09039871497269127
    ]
  }
}