{
  "1": {
    "nrmse": 0.24293372217086462,
    "ovss": [
      1363.8898569707135,
      1621.1792181570502,
      1039.8070606295805,
      572.25883953165,
      1553.9107293977547,
      1520.1912519870534,
      1156.1291021592833,
      1412.0410104954033,
      1657.7524736670352,
      1444.325125569623,
      1013.0230673685244,
      1149.8782112653348
    ],
    "sse_mask": [
      345.3290410297165,
      853.1461899002552,
      133.46569631788776,
      134.9173156369616,
      217.9796876245497,
      404.2245868441811,
      288.9159119044834,
      362.3171797237702,
      482.7155069266588,
      240.2338176223171,
      140.89810633689575,
      162.39514825902413
    ],
    "nrmse_individual": [
      0.25319422918556955,
      0.5262503863515523,
      0.1283562127738171,
      0.23576274636033773,
      0.1402781276302993,
      0.2659037711970886,
      0.24989935065632365,
      0.2565911167103101,
      0.29118672093359443,
      0.1663294595997366,
      0.13908676996161518,
      0.14122812891664696
    ]
  },
  "2": {
    "nrmse": 0.25181351207332914,
    "ovss": [
      2723.033864071437,
      3238.8289889356183,
      2062.493189782824,
      1157.467355943988,
      3094.069211864481,
      3028.6130669827453,
      2316.6640926067034,
      2809.1415955129783,
      3357.3895898273477,
      2861.191631250586,
      2021.5923719074694,
      2313.450195226932
    ],
    "sse_mask": [
      780.6353025416215,
      1534.5007339469691,
      325.21125361575434,
      271.7360977053322,
      415.39159728175133,
      832.940861082569,
      542.3000552759665,
      601.3902497262756,
      1056.4956226106312,
      727.7636951116407,
      307.37149970242393,
      406.4365603582096
    ],
    "nrmse_individual": [
      0.28667851430037966,
      0.4737825736366694,
      0.15767870421429045,
      0.23476782849198732,
      0.13425413875323008,
      0.27502386163590914,
      0.2340866148901942,
      0.21408328105883728,
      0.31467769656870864,
      0.2543568515868843,
      0.15204425183520265,
      0.1756841626401822
    ]
  },
  "3": {
    "nrmse": 0.2606775483666838,
    "ovss": [
      4089.3805891904,
      4876.186632174841,
      3115.45240712756,
      1740.9983604382219,
      4667.707147673822,
      4554.966602147435,
      3459.361462753768,
      4235.856317798642,
      5008.252046521307,
      4319.084896271527,
      3011.4586342119674,
      3462.351144999002
    ],
    "sse_mask": [
      1072.3718809681613,
      2736.5921301574904,
      489.5398837473457,
      351.29438556118373,
      644.4136909299748,
      1335.7531095836716,
      786.0362273732023,
      1264.118360210536,
      1392.40721808442,
      757.8802791804152,
      678.2999926430584,
      623.5012809407845
    ],
    "nrmse_individual": [
      0.26223332790369247,
      0.5612156253619307,
      0.15713283972092526,
      0.201777551055683,
      0.13805786664468056,
      0.2932520095655437,
      0.22722003347620431,
      0.2984327761304929,
      0.27802259254335554,
      0.17547242005700311,
      0.22523968449613277,
      0.180080313876126
    ]
  },
  "4": {
    "nrmse": 0.2756641980825557,
    "ovss": [
      5455.870453202074,
      6489.088543641659,
      4147.047326066073,
      2316.1856109763944,
      6211.663506035897,
      6046.661288544611,
      4623.5859449255495,
      5640.154438801741,
      6691.782254949169,
      5729.5248902839385,
      4010.218735776073,
      4640.923335289542
    ],
    "sse_mask": [
      1319.1539239439942,
      2907.7450092858357,
      782.867289464635,
      468.7433491480225,
      874.845015873177,
      1822.2500383977726,
      3288.99873267739,
      1488.1072791490762,
      1760.4170572580222,
      1026.9581994359814,
      751.8132980272276,
      600.0271263310143
    ],
    "nrmse_individual": [
      0.24178615222980177,
      0.4480976010313487,
      0.18877703288890846,
      0.20237728225520857,
      0.14083908682804322,
      0.30136466248738325,
      0.7113523511522722,
      0.263841583647349,
      0.2630714793440921,
      0.17923967852508768,
      0.18747438670118668,
      0.12929046290603707
    ]
  },
  "5": {
    "nrmse": 0.2421723996792674,
    "ovss": [
      6805.427060915098,
      8145.3225047789665,
      5189.165607734586,
      2894.167090575317,
      7761.612921603916,
      7589.117200182125,
      5786.081998922893,
      7059.429392143491,
      8356.985865696332,
      7154.215426647193,
      5004.859981413956,
      5781.88897423092
    ],
    "sse_mask": [
      1426.9380495622117,
      4397.131064228455,
      1115.1294940048278,
      485.78783824935823,
      1118.22709865304,
      1739.9752326056885,
      1333.4845054088594,
      1217.1267373922644,
      2321.890681755465,
      1253.2975925968724,
      1101.5145344374105,
      1264.7053346940274
    ],
    "nrmse_individual": [
      0.20967648860089866,
      0.5398351092481116,
      0.2148957228003474,
      0.1678506537619398,
      0.1440714848766204,
      0.22927241558002717,
      0.23046415616942414,
      0.1724114896236255,
      0.27783829230660034,
      0.17518309386221928,
      0.220088981215857,
      0.2187356658577576
    ]
  }
}