{
  "1": {
    "nrmse": 0.12498615666676316,
    "ovss": [
      1363.8898569707135,
      1621.1792181570502,
      1039.8070606295805,
      572.25883953165,
      1553.9107293977547,
      1520.1912519870534,
      1156.1291021592833,
      1412.0410104954033,
      1657.7524736670352,
      1444.325125569623,
      1013.0230673685244,
      1149.8782112653348
    ],
    "sse_mask": [
      194.89528482275134,
      213.54096983480918,
      123.87427759309107,
      66.41712857963418,
      182.97806628087292,
      187.9902638123636,
      148.1871781354627,
      189.74299480388146,
      192.013426563036,
      186.76289657158392,
      112.78806455058421,
      138.64305947050497
    ],
    "nrmse_individual": [
      0.14289664508219616,
      0.1317195331911309,
      0.11913198350287013,
      0.11606134146218085,
      0.11775326781596346,
      0.12366224550143945,
      0.12817528583848978,
      0.1343749886820296,
      0.11582756148044965,
      0.1293080714758923,
      0.11133810096108444,
      0.12057195110944931
    ]
  },
  "2": {
    "nrmse": 0.12476041176628791,
    "ovss": [
      2723.033864071437,
      3238.8289889356183,
      2062.493189782824,
      1157.467355943988,
      3094.069211864481,
      3028.6130669827453,
      2316.6640926067034,
      2809.1415955129783,
      3357.3895898273477,
      2861.191631250586,
      2021.5923719074694,
      2313.450195226932
    ],
    "sse_mask": [
      384.97889795651497,
      435.07331755215534,
      237.8228985475057,
      135.70680134349695,
      367.9981666692234,
      368.3369991609799,
      300.39730594677945,
      371.7620849029112,
      392.4652922640326,
      361.3398526885975,
      231.53700818951518,
      278.14988272045036
    ],
    "nrmse_individual": [
      0.14137866702138643,
      0.13433043826594074,
      0.11530845276272059,
      0.11724460361374033,
      0.11893663052465084,
      0.1216190351869331,
      0.12966804592234746,
      0.13234010186482736,
      0.11689596389205906,
      0.12628998657131574,
      0.11453199537503642,
      0.12023162776286436
    ]
  },
  "3": {
    "nrmse": 0.12482502718810629,
    "ovss": [
      4089.3805891904,
      4876.186632174841,
      3115.45240712756,
      1740.9983604382219,
      4667.707147673822,
      4554.966602147435,
      3459.361462753768,
      4235.856317798642,
      5008.252046521307,
      4319.084896271527,
      3011.4586342119674,
      3462.351144999002
    ],
    "sse_mask": [
      589.2397910740308,
      660.3812136878034,
      361.27481632609033,
      206.19740503616566,
      554.1779762343353,
      556.4214761265482,
      440.7447080860665,
      570.4277063633091,
      581.4501930681704,
      541.7893993751852,
      333.96428120137836,
      413.41964410543295
    ],
    "nrmse_individual": [
      0.1440902303472532,
      0.1354298478508533,
      0.11596223248333454,
      0.11843630052831543,
      0.11872595231483471,
      0.12215709240639082,
      0.1274063762435565,
      0.1346664437050023,
      0.11609842868671938,
      0.12544078488544824,
      0.11089784777627187,
      0.11940430845744045
    ]
  },
  "4": {
    "nrmse": 0.12492743573697432,
    "ovss": [
      5455.870453202074,
      6489.088543641659,
      4147.047326066073,
      2316.1856109763944,
      6211.663506035897,
      6046.661288544611,
      4623.5859449255495,
      5640.154438801741,
      6691.782254949169,
      5729.5248902839385,
      4010.218735776073,
      4640.923335289542
    ],
    "sse_mask": [
      784.3082214125543,
      877.4508601981642,
      485.9808314987662,
      267.1280199713473,
      736.9358469491968,
      738.7756394146614,
      595.4323943998438,
      759.7796629612155,
      776.8798891604398,
      717.4096841405558,
      449.42625305986166,
      556.3318072046588
    ],
    "nrmse_individual": [
      0.1437549201616839,
      0.1352194309411813,
      0.11718719206413591,
      0.1153310074570141,
      0.11863743846283907,
      0.12217910085591706,
      0.1287815132004498,
      0.13470901749325712,
      0.11609461568864825,
      0.12521277032186923,
      0.11207025917325354,
      0.1198752418455863
    ]
  },
  "5": {
    "nrmse": 0.12480093396172381,
    "ovss": [
      6805.427060915098,
      8145.3225047789665,
      5189.165607734586,
      2894.167090575317,
      7761.612921603916,
      7589.117200182125,
      5786.081998922893,
      7059.429392143491,
      8356.985865696332,
      7154.215426647193,
      5004.859981413956,
      5781.88897423092
    ],
    "sse_mask": [
      977.9408313026152,
      1105.5009642924526,
      605.7089243875278,
      334.30698218996383,
      920.9228450806788,
      929.2439920099381,
      740.7870070599251,
      943.2879948900784,
      966.8665812657192,
      893.2219213478191,
      564.0862717250633,
      693.7266911893029
    ],
    "nrmse_individual": [
      0.14370014145315305,
      0.13572218455976923,
      0.11672568774538683,
      0.11551060174743007,
      0.11865096267778999,
      0.12244428007879993,
      0.12802912354125404,
      0.1336209971785925,
      0.11569561045143119,
      0.12485253351763068,
      0.1127077028767745,
      0.11998270708433642
    ]
  }
}