{
  "1": {
    "nrmse": 0.038582867022575164,
    "sse": 91.95056703912701,
    "nf": 2383.1968470701245,
    "sse_individual": [
      0.7742785514399978,
      11.899771090985029,
      30.712543081470958,
      0.6429754120469988,
      4.230752881793986,
      8.132606790617018,
      6.556483683031008,
      4.504512765623003,
      8.655134848880003,
      7.132088775253986,
      5.039038753920008,
      3.6703804040649954
    ],
    "nf_individual": [
      117.06719914344006,
      301.6118583029851,
      285.60593168447036,
      53.4763645700471,
      128.75396705379404,
      143.96760905061672,
      252.55432551903078,
      246.55952157362313,
      201.5678354088797,
      258.7085258572537,
      172.09293747391976,
      221.23077143206422
    ],
    "nrmses": [
      0.0066139666542401,
      0.039453923191014185,
      0.10753468214169074,
      0.01202354380699878,
      0.03285920409758215,
      0.05648914255259822,
      0.02596068655548311,
      0.01826947398694537,
      0.04293906729376287,
      0.027568046903831932,
      0.02928091546280719,
      0.01659073184216645
    ],
    "count": 57283
  },
  "2": {
    "nrmse": 0.07697750377925981,
    "sse": 183.45253238242498,
    "nf": 2383.196692224423,
    "sse_individual": [
      7.247058527440005,
      9.876059325984999,
      20.265110676471046,
      5.962829728047001,
      14.875866382464983,
      19.193947785616995,
      27.683372280031065,
      10.882819563622986,
      11.130908051879974,
      20.059304212253974,
      23.052478655919984,
      13.222777192691993
    ],
    "nf_individual": [
      117.06719914344006,
      301.6118583029851,
      285.60593168447036,
      53.476364570047096,
      128.75392889846503,
      143.96760905061672,
      252.55432551903078,
      246.55952157362313,
      201.5678354088797,
      258.7085258572537,
      172.09293747391976,
      221.23065474169124
    ],
    "nrmses": [
      0.06190511586905168,
      0.03274426735590738,
      0.07095479620100953,
      0.11150402193545651,
      0.11553718406679493,
      0.1333212929782609,
      0.10961353452623813,
      0.044138711391737334,
      0.05522164798416852,
      0.0775363090403986,
      0.13395365896066205,
      0.05976919070339008
    ],
    "count": 57280
  },
  "3": {
    "nrmse": 0.12368531845764054,
    "sse": 293.00951746851797,
    "nf": 2368.9918991385157,
    "sse_individual": [
      12.335549495439952,
      26.909213236485,
      24.869768025470986,
      4.170923725047007,
      29.29665882979396,
      26.149636417712998,
      49.792086901678005,
      26.994888657319006,
      24.768479172351057,
      13.012003146137994,
      18.47739111189598,
      36.23291874918604
    ],
    "nf_individual": [
      117.06719914344006,
      287.40838174048525,
      285.60593168447036,
      53.4763645700471,
      128.753967053794,
      143.96760443671272,
      252.5530131436778,
      246.55938821731914,
      201.5678332273507,
      258.7085260001376,
      172.09291751089577,
      221.23077241018524
    ],
    "nrmses": [
      0.10537152665902132,
      0.09362709978577666,
      0.08707721117272321,
      0.07799564833139765,
      0.2275398537239142,
      0.18163555974988954,
      0.1971549904785781,
      0.10948635479872916,
      0.12287912597847099,
      0.05029599660790102,
      0.10736869000274875,
      0.1637788376112812
    ],
    "count": 57273
  },
  "4": {
    "nrmse": 0.248848856079121,
    "sse": 593.055753284224,
    "nf": 2383.1966223532213,
    "sse_individual": [
      22.225383376439968,
      55.0450686199851,
      87.18340423803008,
      21.14388885904699,
      37.038080048794065,
      30.862556245617014,
      71.33484432203099,
      58.62876999739787,
      32.21725620559907,
      67.69663074113802,
      38.00859133391983,
      71.67127929622495
    ],
    "nf_individual": [
      117.06719914344006,
      301.6118583029852,
      285.6058033490294,
      53.4763645700471,
      128.753967053794,
      143.9676090506167,
      252.55432551903075,
      246.55950762339816,
      201.56780129159873,
      258.7085260001376,
      172.09293747391976,
      221.23072297522424
    ],
    "nrmses": [
      0.18985150015597158,
      0.18250299882005766,
      0.30525781764835547,
      0.3953875516603459,
      0.2876655445755654,
      0.21437152738131698,
      0.2824534649146434,
      0.23778750437378826,
      0.15983334639341465,
      0.2616714330516576,
      0.22086084351764834,
      0.32396621198155856
    ],
    "count": 57280
  },
  "5": {
    "nrmse": 0.4711163070763632,
    "sse": 1122.7438662799684,
    "nf": 2383.1564507869666,
    "sse_individual": [
      62.6004356550069,
      149.7624539369411,
      98.93352372382184,
      23.884078260047,
      60.020405726316795,
      65.36695881966585,
      109.57365728660272,
      137.4185648642768,
      95.18143091887123,
      135.15004494413776,
      75.00347888592017,
      109.84883325836017
    ],
    "nf_individual": [
      117.05918732000706,
      301.60243870794113,
      285.60591226282133,
      53.476364570047096,
      128.75326015231707,
      143.9629110006657,
      252.54460312460276,
      246.55267118127713,
      201.5678248658707,
      258.7085260001376,
      172.09293747391976,
      221.2298141273592
    ],
    "nrmses": [
      0.5347759290680434,
      0.49655584543188874,
      0.34639872452213405,
      0.44662868263533434,
      0.46616610449562007,
      0.4540541613482905,
      0.4338784354561728,
      0.5573598704320676,
      0.4722054771499758,
      0.5224027481184206,
      0.4358312432041946,
      0.4965372035937326
    ],
    "count": 57254
  }
}