{
  "1": {
    "nrmse": 0.138832569119333,
    "sse": 327.571385320606,
    "nf": 2359.470745218604,
    "sse_individual": [
      17.991853533546994,
      47.10364944994405,
      46.11333272902588,
      4.905147134682997,
      16.65024873770003,
      39.88471582504699,
      32.52788140029199,
      26.177781485745015,
      22.04907197395603,
      45.93722757551801,
      13.367787613770998,
      14.862687861377015
    ],
    "nf_individual": [
      117.04209461954707,
      284.6429464559443,
      285.58794846502536,
      53.475170314683105,
      128.7449432257,
      140.57271343504672,
      252.54177246429177,
      244.4442389337452,
      201.56461739395567,
      257.5540232255177,
      172.08996082377078,
      221.21031586137627
    ],
    "nrmses": [
      0.15372121963495852,
      0.1654832836591457,
      0.1614680625596257,
      0.09172756450924573,
      0.12932739974502014,
      0.28373014115201095,
      0.12880198425348138,
      0.10709101429402192,
      0.10938959555020203,
      0.17835958064337734,
      0.07767906709828541,
      0.06718804140531526
    ],
    "count": 56953
  },
  "2": {
    "nrmse": 0.4158592196913361,
    "sse": 989.7442162093377,
    "nf": 2379.998252639336,
    "sse_individual": [
      94.00343650730207,
      68.64141053741095,
      80.4201006333049,
      40.727299195559,
      41.07438989946614,
      130.82722830640705,
      93.60104014515281,
      51.11213069002115,
      47.668350202258914,
      223.05727483279085,
      56.28375104040092,
      62.32780421926298
    ],
    "nf_individual": [
      117.04386083530208,
      301.455569803411,
      285.3516520273044,
      53.4643571635591,
      128.65446214346602,
      142.79082262640674,
      252.47536934515279,
      246.5296376660212,
      201.24225197025865,
      257.8759731147906,
      172.02397712840076,
      221.0903188152623
    ],
    "nrmses": [
      0.8031470923500953,
      0.22769992467604513,
      0.28182805342794987,
      0.7617654332018868,
      0.31926129273046894,
      0.9162159437143881,
      0.37073335267486296,
      0.20732651527790671,
      0.23687048686626586,
      0.8649788971751137,
      0.3271855004165498,
      0.28191105134432676
    ],
    "count": 56637
  },
  "3": {
    "nrmse": 0.9879531880486296,
    "sse": 2321.0398313387846,
    "nf": 2349.341911556782,
    "sse_individual": [
      55.766104593283984,
      360.5991243737529,
      148.05468704072095,
      31.06598532296804,
      147.65611498034423,
      117.14495659532285,
      156.41523099271095,
      526.7453737457441,
      109.89031947543315,
      412.04388383015356,
      145.6854103092946,
      109.97264007905505
    ],
    "nf_individual": [
      116.80920012128408,
      301.52151430175206,
      285.4964008887205,
      53.433392436968106,
      128.49534513034405,
      139.9197008713229,
      252.3211991227109,
      241.39544493974518,
      201.2101353474326,
      257.55180999015266,
      150.3113058312949,
      220.8764625750542
    ],
    "nrmses": [
      0.47741192076806893,
      1.195931657509779,
      0.5185868773821393,
      0.5813964621395611,
      1.1491164511100673,
      0.8372298959033307,
      0.6199052300660707,
      2.1820849762812435,
      0.5461470381980702,
      1.599848526965925,
      0.9692245669983584,
      0.4978920741348172
    ],
    "count": 55892
  },
  "4": {
    "nrmse": 2.21164486059867,
    "sse": 5150.708421889251,
    "nf": 2328.903936455244,
    "sse_individual": [
      268.02547113942734,
      749.9863002262082,
      195.64519577477463,
      53.083344291314035,
      383.8878687122734,
      90.22071323768581,
      210.00737746522483,
      547.8020096170609,
      159.89035049665418,
      2107.8479832600615,
      158.8179001422919,
      225.4939075262743
    ],
    "nf_individual": [
      116.68449289542805,
      300.55108019220694,
      285.2178009627746,
      53.46923463731411,
      127.99124972427404,
      141.12125296368566,
      222.688349825225,
      231.5896682030612,
      201.43120930665367,
      255.67083887805575,
      171.70342208829172,
      220.7853367782733
    ],
    "nrmses": [
      2.297010206657282,
      2.495370503232198,
      0.6859501584906665,
      0.992782946144309,
      2.999329013032268,
      0.6393134367996439,
      0.9430550705955084,
      2.365399172888577,
      0.7937714867870412,
      8.244381692138994,
      0.9249547749876881,
      1.021326464957814
    ],
    "count": 53838
  },
  "5": {
    "nrmse": 5.118801830524137,
    "sse": 11748.08630574275,
    "nf": 2295.085196634739,
    "sse_individual": [
      185.99264803117245,
      2585.683143199058,
      668.5491110948107,
      84.52756678409017,
      507.0702486976846,
      206.69278793884936,
      264.7840581621612,
      1548.7916968345226,
      246.82222153709384,
      1633.8744097269062,
      3097.2030707972876,
      718.0953429391135
    ],
    "nf_individual": [
      115.89760306517309,
      299.94849624905453,
      241.7495492268116,
      53.1212448560901,
      127.55210501368404,
      136.96528302684985,
      251.80482417616085,
      232.85678047652146,
      200.15781826709372,
      254.5543228429029,
      159.94781720128478,
      220.52935223311218
    ],
    "nrmses": [
      1.604801506779934,
      8.620423757857758,
      2.7654616657322983,
      1.591219614922098,
      3.9753969457680456,
      1.5090888973545986,
      1.0515448186049057,
      6.651263036726064,
      1.2331380491354598,
      6.4185687026625144,
      19.36383456174111,
      3.2562347627088
    ],
    "count": 53602
  }
}