{
  "1": {
    "nrmse": 0.10928642242829778,
    "sse": 260.4277144118152,
    "nf": 2382.9832528618126,
    "sse_individual": [
      12.063905229960996,
      33.210183984471975,
      44.8034058306901,
      6.716239968057981,
      11.724529897025995,
      17.92844550653398,
      32.29124096761004,
      25.182240498995036,
      23.86816932168606,
      25.225749741196037,
      12.326309066598984,
      15.08729439898802
    ],
    "nf_individual": [
      117.05935296796108,
      301.59929616047214,
      285.5999622446894,
      53.4728273200581,
      128.74466767902604,
      143.9494896645337,
      252.54528236760976,
      246.54062316099518,
      201.46404131968566,
      258.70147863719563,
      172.08390029859876,
      221.22233104098729
    ],
    "nrmses": [
      0.10305802077398177,
      0.11011359909408347,
      0.1568746910138053,
      0.12560098847697668,
      0.09106808156324174,
      0.12454678059863378,
      0.12786317235816066,
      0.10214235762092079,
      0.11847359541354455,
      0.0975091053753611,
      0.07162964719657365,
      0.0681996900041375
    ],
    "count": 57184
  },
  "2": {
    "nrmse": 0.2865890906978039,
    "sse": 682.6694136444661,
    "nf": 2382.0495469044636,
    "sse_individual": [
      30.212987569637964,
      68.92039673779107,
      74.7687790898332,
      19.334949150717023,
      41.26621966396502,
      48.751717504415865,
      75.949483936854,
      58.05482309505588,
      64.46833805295604,
      83.3685500659022,
      57.411854699508865,
      60.16131407782896
    ],
    "nf_individual": [
      117.0231981276381,
      301.56848506579104,
      285.46996455783227,
      53.4438223867171,
      128.64633161796505,
      143.86414173441577,
      252.43840533485377,
      246.47937672105624,
      201.40919829095566,
      258.5476338979017,
      172.00058382550878,
      221.15840534382824
    ],
    "nrmses": [
      0.25817947255794893,
      0.22853978499363153,
      0.2619146963696984,
      0.3617808062232188,
      0.3207726108079892,
      0.33887330725133213,
      0.3008634277977978,
      0.23553622971368204,
      0.320086364475892,
      0.3224494798464245,
      0.33378871991360254,
      0.2720281600163376
    ],
    "count": 56773
  },
  "3": {
    "nrmse": 0.612341586701958,
    "sse": 1456.9857023834027,
    "nf": 2379.3675523993998,
    "sse_individual": [
      66.26393125622292,
      195.03351387689503,
      131.26407314211306,
      24.393124037160995,
      58.45792663757499,
      84.45532589051398,
      182.56605391002182,
      188.15672905742053,
      155.16065938423114,
      150.09813960879853,
      89.51333342644809,
      131.62289215600134
    ],
    "nf_individual": [
      116.8153544082231,
      301.35383277889485,
      285.3600597941125,
      53.3930956611611,
      128.36053291957506,
      143.54058356451372,
      252.19099490402184,
      246.2208955354213,
      201.0796559482296,
      258.33579123879866,
      171.80550816844774,
      220.91124747800018
    ],
    "nrmses": [
      0.5672536079859578,
      0.6471910845746313,
      0.45999455297570446,
      0.45685914508427544,
      0.45541978759313895,
      0.5883724574141492,
      0.72391979729293,
      0.7641785586404559,
      0.7716377803241276,
      0.5810195284557061,
      0.5210155039888721,
      0.5958179751309821
    ],
    "count": 56009
  },
  "4": {
    "nrmse": 1.6503573778003549,
    "sse": 3919.95819871372,
    "nf": 2375.2177870337127,
    "sse_individual": [
      137.1834140704518,
      353.1489468293997,
      299.3633650412582,
      66.34302633993295,
      1147.6763533763515,
      260.0672472727588,
      334.11074490385334,
      332.4429446290001,
      253.2465773395524,
      341.85133178273355,
      145.40012095500992,
      249.12412617341738
    ],
    "nf_individual": [
      116.55918020845209,
      301.0778575773988,
      285.02380439325646,
      53.20267011993308,
      127.96836488434703,
      143.1592808207588,
      252.0806661658538,
      245.69572360900133,
      200.62868838555167,
      257.7309095027327,
      171.46744529100968,
      220.6231960754172
    ],
    "nrmses": [
      1.1769421664180868,
      1.1729489165061395,
      1.0503100457820602,
      1.2469867807457404,
      8.968438054308017,
      1.8166286235984481,
      1.3254120198334793,
      1.3530676877308934,
      1.2622650298788975,
      1.3263885672164943,
      0.8479750818485746,
      1.1291837422582596
    ],
    "count": 55101
  },
  "5": {
    "nrmse": 2.023880165735578,
    "sse": 4793.245640145801,
    "nf": 2368.3445894157967,
    "sse_individual": [
      225.9463685873592,
      641.0564887448605,
      613.7068086755785,
      81.13597024973504,
      200.5072104949629,
      336.79153835686543,
      385.2788470372392,
      597.0682831071912,
      563.4169675998178,
      514.2958494662965,
      256.8471275942444,
      377.1941802316494
    ],
    "nf_individual": [
      116.0513256253591,
      300.4712623288597,
      284.71218129957856,
      53.05375178373509,
      127.42315055896307,
      142.51628087886579,
      251.33637877123886,
      244.8382337011903,
      199.73005205581566,
      257.0911623902977,
      171.15853020824474,
      219.9622798136482
    ],
    "nrmses": [
      1.9469520694383713,
      2.1335034963950634,
      2.155534076112559,
      1.529316354109555,
      1.5735540175816114,
      2.363179394522141,
      1.5329211350972474,
      2.4386235518913093,
      2.8208923083961737,
      2.000441573660664,
      1.5006387778730295,
      1.7148130149915153
    ],
    "count": 53993
  }
}